{"items":{"p100":{"icon":"30","id":100,"name":"Vehicle ID: 100","pos":{"x":952,"y":1714},"text":"Cole_Sullivan"},"p101":{"icon":"30","id":101,"name":"Vehicle ID: 101","pos":{"x":952,"y":1743},"text":"Don_Wallace"},"p102":{"icon":"30","id":102,"name":"Vehicle ID: 102","pos":{"x":953,"y":1749},"text":"Don_Wallace"},"p103":{"icon":"30","id":103,"name":"Vehicle ID: 103","pos":{"x":953,"y":1755},"text":"Trey_Sells_Sr"},"p104":{"icon":"30","id":104,"name":"Vehicle ID: 104","pos":{"x":983,"y":1746},"text":"Douglas_Harrison"},"p105":{"icon":"30","id":105,"name":"Vehicle ID: 105","pos":{"x":983,"y":1740},"text":"Gregory_Maines_Jr"},"p106":{"icon":"30","id":106,"name":"Vehicle ID: 106","pos":{"x":983,"y":1734},"text":"Sam_Knight"},"p107":{"icon":"30","id":107,"name":"Vehicle ID: 107","pos":{"x":955,"y":1651},"text":""},"p108":{"icon":"30","id":108,"name":"Vehicle ID: 108","pos":{"x":942,"y":1651},"text":""},"p109":{"icon":"30","id":109,"name":"Vehicle ID: 109","pos":{"x":930,"y":1651},"text":"Sam_Knight"},"p110":{"icon":"30","id":110,"name":"Vehicle ID: 110","pos":{"x":-1725,"y":-683},"text":"John_McClain"},"p111":{"icon":"30","id":111,"name":"Vehicle ID: 111","pos":{"x":2269,"y":2443},"text":""},"p112":{"icon":"30","id":112,"name":"Vehicle ID: 112","pos":{"x":2278,"y":2443},"text":""},"p113":{"icon":"30","id":113,"name":"Vehicle ID: 113","pos":{"x":2282,"y":2459},"text":""},"p114":{"icon":"30","id":114,"name":"Vehicle ID: 114","pos":{"x":958,"y":1760},"text":"Chase_Lovvorn"},"p115":{"icon":"30","id":115,"name":"Vehicle ID: 115","pos":{"x":1960,"y":-1472},"text":"John_Anderton"},"p116":{"icon":"30","id":116,"name":"Vehicle ID: 116","pos":{"x":-1717,"y":-691},"text":"John_McClain"},"p117":{"icon":"30","id":117,"name":"Vehicle ID: 117","pos":{"x":2252,"y":2477},"text":"Trey_Sells_Sr"},"p118":{"icon":"30","id":118,"name":"Vehicle ID: 118","pos":{"x":2260,"y":2477},"text":"Trey_Sells_Sr"},"p119":{"icon":"30","id":119,"name":"Vehicle ID: 119","pos":{"x":2274,"y":2477},"text":""},"p120":{"icon":"30","id":120,"name":"Vehicle ID: 120","pos":{"x":2282,"y":2478},"text":""},"p121":{"icon":"30","id":121,"name":"Vehicle ID: 121","pos":{"x":2286,"y":2474},"text":""},"p122":{"icon":"30","id":122,"name":"Vehicle ID: 122","pos":{"x":2281,"y":2474},"text":"John_McClain"},"p123":{"icon":"30","id":123,"name":"Vehicle ID: 123","pos":{"x":2277,"y":2474},"text":"John_McClain"},"p124":{"icon":"30","id":124,"name":"Vehicle ID: 124","pos":{"x":2273,"y":2474},"text":"John_McClain"},"p125":{"icon":"30","id":125,"name":"Vehicle ID: 125","pos":{"x":2268,"y":2474},"text":""},"p126":{"icon":"30","id":126,"name":"Vehicle ID: 126","pos":{"x":2264,"y":2474},"text":""},"p127":{"icon":"30","id":127,"name":"Vehicle ID: 127","pos":{"x":2298,"y":2460},"text":"Toni_Turtle"},"p128":{"icon":"30","id":128,"name":"Vehicle ID: 128","pos":{"x":2298,"y":2452},"text":"Michael_Mcguire"},"p129":{"icon":"30","id":129,"name":"Vehicle ID: 129","pos":{"x":2254,"y":2459},"text":""},"p130":{"icon":"30","id":130,"name":"Vehicle ID: 130","pos":{"x":2240,"y":2466},"text":""},"p131":{"icon":"30","id":131,"name":"Vehicle ID: 131","pos":{"x":2240,"y":2457},"text":"Paul_Duffster"},"p132":{"icon":"30","id":132,"name":"Vehicle ID: 132","pos":{"x":2240,"y":2447},"text":"Alan_C_Smith"},"p133":{"icon":"30","id":133,"name":"Vehicle ID: 133","pos":{"x":624,"y":-596},"text":"Carson_Barnes"},"p134":{"icon":"30","id":134,"name":"Vehicle ID: 134","pos":{"x":-1725,"y":-640},"text":"John_McClain"},"p135":{"icon":"30","id":135,"name":"Vehicle ID: 135","pos":{"x":2260,"y":2431},"text":"Toni_Turtle"},"p136":{"icon":"30","id":136,"name":"Vehicle ID: 136","pos":{"x":2268,"y":2432},"text":""},"p137":{"icon":"30","id":137,"name":"Vehicle ID: 137","pos":{"x":2277,"y":2431},"text":"Josh_Whitestone"},"p138":{"icon":"30","id":138,"name":"Vehicle ID: 138","pos":{"x":2297,"y":2458},"text":""},"p139":{"icon":"30","id":139,"name":"Vehicle ID: 139","pos":{"x":2298,"y":2452},"text":""},"p140":{"icon":"30","id":140,"name":"Vehicle ID: 140","pos":{"x":2299,"y":2465},"text":"Josh_Whitestone"},"p141":{"icon":"30","id":141,"name":"Vehicle ID: 141","pos":{"x":2341,"y":2475},"text":""},"p96":{"icon":"30","id":96,"name":"Vehicle ID: 96","pos":{"x":948,"y":1788},"text":""},"p97":{"icon":"30","id":97,"name":"Vehicle ID: 97","pos":{"x":944,"y":1684},"text":""},"p98":{"icon":"30","id":98,"name":"Vehicle ID: 98","pos":{"x":953,"y":1726},"text":""},"p99":{"icon":"30","id":99,"name":"Vehicle ID: 99","pos":{"x":953,"y":1720},"text":"Cole_Sullivan"}}}